<NotepadPlus>
    <Session activeView="0">
        <mainView activeIndex="19">
            <File firstVisibleLine="0" xOffset="0" scrollWidth="1" startPos="10" endPos="0" selMode="0" lang="Normal Text" encoding="-1" filename="new 9" backupFilePath="C:\Users\fouldsjo\Documents\Software\Notepad++\backup\new 9@2018-09-10_115538" originalFileLastModifTimestamp="0" mapFirstVisibleDisplayLine="-1" mapFirstVisibleDocLine="-1" mapLastVisibleDocLine="-1" mapNbLine="-1" mapHigherPos="-1" mapWidth="-1" mapHeight="-1" mapKByteInDoc="-1" mapWrapIndentMode="-1" mapIsWrap="no" />
            <File firstVisibleLine="0" xOffset="0" scrollWidth="8800" startPos="3904" endPos="3904" selMode="0" lang="Normal Text" encoding="-1" filename="C:\Users\fouldsjo\Desktop\PD 2019.txt" backupFilePath="" originalFileLastModifTimestamp="1550820921" mapFirstVisibleDisplayLine="-1" mapFirstVisibleDocLine="-1" mapLastVisibleDocLine="-1" mapNbLine="-1" mapHigherPos="-1" mapWidth="-1" mapHeight="-1" mapKByteInDoc="0" mapWrapIndentMode="-1" mapIsWrap="no" />
            <File firstVisibleLine="0" xOffset="0" scrollWidth="1330" startPos="550" endPos="550" selMode="0" lang="Normal Text" encoding="-1" filename="C:\Users\fouldsjo\OneDrive - Vodafone Group\SharePoint\pwd.txt" backupFilePath="" originalFileLastModifTimestamp="1563426924" mapFirstVisibleDisplayLine="-1" mapFirstVisibleDocLine="-1" mapLastVisibleDocLine="-1" mapNbLine="-1" mapHigherPos="-1" mapWidth="-1" mapHeight="-1" mapKByteInDoc="0" mapWrapIndentMode="-1" mapIsWrap="no" />
            <File firstVisibleLine="0" xOffset="0" scrollWidth="8800" startPos="273" endPos="273" selMode="0" lang="Normal Text" encoding="-1" filename="new 29" backupFilePath="C:\Users\fouldsjo\Documents\Software\Notepad++\backup\new 29@2019-05-10_123219" originalFileLastModifTimestamp="0" mapFirstVisibleDisplayLine="-1" mapFirstVisibleDocLine="-1" mapLastVisibleDocLine="-1" mapNbLine="-1" mapHigherPos="-1" mapWidth="-1" mapHeight="-1" mapKByteInDoc="1149173760" mapWrapIndentMode="-1" mapIsWrap="no" />
            <File firstVisibleLine="0" xOffset="0" scrollWidth="8800" startPos="562" endPos="562" selMode="0" lang="Normal Text" encoding="-1" filename="C:\Users\fouldsjo\OneDrive - Vodafone Group\Projects\AskIT\Link Tracking\SQL Server SP Problem.txt" backupFilePath="" originalFileLastModifTimestamp="1557995470" mapFirstVisibleDisplayLine="-1" mapFirstVisibleDocLine="-1" mapLastVisibleDocLine="-1" mapNbLine="-1" mapHigherPos="-1" mapWidth="-1" mapHeight="-1" mapKByteInDoc="-435362548" mapWrapIndentMode="-1" mapIsWrap="no" />
            <File firstVisibleLine="0" xOffset="0" scrollWidth="41880" startPos="1144" endPos="1144" selMode="0" lang="Normal Text" encoding="-1" filename="new 22" backupFilePath="C:\Users\fouldsjo\Documents\Software\Notepad++\backup\new 22@2019-05-17_121736" originalFileLastModifTimestamp="0" mapFirstVisibleDisplayLine="-1" mapFirstVisibleDocLine="-1" mapLastVisibleDocLine="-1" mapNbLine="-1" mapHigherPos="-1" mapWidth="-1" mapHeight="-1" mapKByteInDoc="1146716160" mapWrapIndentMode="-1" mapIsWrap="no" />
            <File firstVisibleLine="0" xOffset="0" scrollWidth="41880" startPos="140" endPos="143" selMode="0" lang="Normal Text" encoding="-1" filename="new 23" backupFilePath="C:\Users\fouldsjo\Documents\Software\Notepad++\backup\new 23@2019-05-17_121757" originalFileLastModifTimestamp="0" mapFirstVisibleDisplayLine="-1" mapFirstVisibleDocLine="-1" mapLastVisibleDocLine="-1" mapNbLine="-1" mapHigherPos="-1" mapWidth="-1" mapHeight="-1" mapKByteInDoc="1146716160" mapWrapIndentMode="-1" mapIsWrap="no" />
            <File firstVisibleLine="0" xOffset="0" scrollWidth="41880" startPos="1010" endPos="1010" selMode="0" lang="HTML" encoding="-1" filename="C:\Users\fouldsjo\OneDrive - Vodafone Group\Development\SharePoint\AskIT\bot\jbot.html" backupFilePath="" originalFileLastModifTimestamp="1558089437" mapFirstVisibleDisplayLine="-1" mapFirstVisibleDocLine="-1" mapLastVisibleDocLine="-1" mapNbLine="-1" mapHigherPos="-1" mapWidth="-1" mapHeight="-1" mapKByteInDoc="1768710518" mapWrapIndentMode="-1" mapIsWrap="no" />
            <File firstVisibleLine="0" xOffset="0" scrollWidth="41880" startPos="278" endPos="204" selMode="0" lang="Normal Text" encoding="-1" filename="C:\Users\fouldsjo\Desktop\SQL Server CAS Policy.txt" backupFilePath="" originalFileLastModifTimestamp="1558544904" mapFirstVisibleDisplayLine="-1" mapFirstVisibleDocLine="-1" mapLastVisibleDocLine="-1" mapNbLine="-1" mapHigherPos="-1" mapWidth="-1" mapHeight="-1" mapKByteInDoc="6619244" mapWrapIndentMode="-1" mapIsWrap="no" />
            <File firstVisibleLine="0" xOffset="0" scrollWidth="41880" startPos="57" endPos="0" selMode="0" lang="Normal Text" encoding="-1" filename="C:\Users\fouldsjo\Desktop\vodafone badges.txt" backupFilePath="" originalFileLastModifTimestamp="1561535855" mapFirstVisibleDisplayLine="-1" mapFirstVisibleDocLine="-1" mapLastVisibleDocLine="-1" mapNbLine="-1" mapHigherPos="-1" mapWidth="-1" mapHeight="-1" mapKByteInDoc="1146224640" mapWrapIndentMode="-1" mapIsWrap="no" />
            <File firstVisibleLine="0" xOffset="0" scrollWidth="41880" startPos="78" endPos="78" selMode="0" lang="Normal Text" encoding="-1" filename="C:\Users\fouldsjo\Desktop\IntelliJ Maven Dependencies.txt" backupFilePath="" originalFileLastModifTimestamp="1561569242" mapFirstVisibleDisplayLine="-1" mapFirstVisibleDocLine="-1" mapLastVisibleDocLine="-1" mapNbLine="-1" mapHigherPos="-1" mapWidth="-1" mapHeight="-1" mapKByteInDoc="1146224640" mapWrapIndentMode="-1" mapIsWrap="no" />
            <File firstVisibleLine="0" xOffset="0" scrollWidth="41880" startPos="95" endPos="56" selMode="0" lang="Normal Text" encoding="-1" filename="new 6" backupFilePath="C:\Users\fouldsjo\Documents\Software\Notepad++\backup\new 6@2019-06-28_205630" originalFileLastModifTimestamp="0" mapFirstVisibleDisplayLine="-1" mapFirstVisibleDocLine="-1" mapLastVisibleDocLine="-1" mapNbLine="-1" mapHigherPos="-1" mapWidth="-1" mapHeight="-1" mapKByteInDoc="0" mapWrapIndentMode="-1" mapIsWrap="no" />
            <File firstVisibleLine="0" xOffset="0" scrollWidth="41880" startPos="101" endPos="92" selMode="0" lang="Normal Text" encoding="-1" filename="C:\Users\fouldsjo\Desktop\Data Engineering Professional  Registratjk .txt" backupFilePath="" originalFileLastModifTimestamp="1562145426" mapFirstVisibleDisplayLine="-1" mapFirstVisibleDocLine="-1" mapLastVisibleDocLine="-1" mapNbLine="-1" mapHigherPos="-1" mapWidth="-1" mapHeight="-1" mapKByteInDoc="1146224640" mapWrapIndentMode="-1" mapIsWrap="no" />
            <File firstVisibleLine="0" xOffset="0" scrollWidth="41880" startPos="132" endPos="0" selMode="1" lang="Normal Text" encoding="-1" filename="new 16" backupFilePath="C:\Users\fouldsjo\Documents\Software\Notepad++\backup\new 16@2019-07-17_132556" originalFileLastModifTimestamp="0" mapFirstVisibleDisplayLine="-1" mapFirstVisibleDocLine="-1" mapLastVisibleDocLine="-1" mapNbLine="-1" mapHigherPos="-1" mapWidth="-1" mapHeight="-1" mapKByteInDoc="0" mapWrapIndentMode="-1" mapIsWrap="no" />
            <File firstVisibleLine="0" xOffset="0" scrollWidth="41880" startPos="9409" endPos="9409" selMode="0" lang="Normal Text" encoding="-1" filename="C:\Users\fouldsjo\OneDrive\Big Data\Project Ideas.txt" backupFilePath="" originalFileLastModifTimestamp="1564560889" mapFirstVisibleDisplayLine="-1" mapFirstVisibleDocLine="-1" mapLastVisibleDocLine="-1" mapNbLine="-1" mapHigherPos="-1" mapWidth="-1" mapHeight="-1" mapKByteInDoc="0" mapWrapIndentMode="-1" mapIsWrap="no" />
            <File firstVisibleLine="0" xOffset="0" scrollWidth="41880" startPos="53" endPos="53" selMode="0" lang="Normal Text" encoding="-1" filename="new 2" backupFilePath="C:\Users\fouldsjo\Documents\Software\Notepad++\backup\new 2@2019-07-31_100848" originalFileLastModifTimestamp="0" mapFirstVisibleDisplayLine="-1" mapFirstVisibleDocLine="-1" mapLastVisibleDocLine="-1" mapNbLine="-1" mapHigherPos="-1" mapWidth="-1" mapHeight="-1" mapKByteInDoc="1146880000" mapWrapIndentMode="-1" mapIsWrap="no" />
            <File firstVisibleLine="100" xOffset="0" scrollWidth="2980" startPos="5119" endPos="5119" selMode="0" lang="Normal Text" encoding="-1" filename="C:\Users\fouldsjo\code\pluralsight\DemoApp\README.md" backupFilePath="" originalFileLastModifTimestamp="1564649459" mapFirstVisibleDisplayLine="-1" mapFirstVisibleDocLine="-1" mapLastVisibleDocLine="-1" mapNbLine="-1" mapHigherPos="-1" mapWidth="-1" mapHeight="-1" mapKByteInDoc="1694529024" mapWrapIndentMode="-1" mapIsWrap="no" />
            <File firstVisibleLine="0" xOffset="0" scrollWidth="2980" startPos="558" endPos="558" selMode="0" lang="Normal Text" encoding="-1" filename="C:\Users\fouldsjo\code\pluralsight\firstrepo.wiki\Home.md" backupFilePath="" originalFileLastModifTimestamp="1564644834" mapFirstVisibleDisplayLine="-1" mapFirstVisibleDocLine="-1" mapLastVisibleDocLine="-1" mapNbLine="-1" mapHigherPos="-1" mapWidth="-1" mapHeight="-1" mapKByteInDoc="6881399" mapWrapIndentMode="-1" mapIsWrap="no" />
            <File firstVisibleLine="0" xOffset="0" scrollWidth="2980" startPos="222" endPos="222" selMode="0" lang="Normal Text" encoding="-1" filename="C:\Users\fouldsjo\code\pluralsight\firstrepo.wiki\Project-Ideas.md" backupFilePath="" originalFileLastModifTimestamp="1564647628" mapFirstVisibleDisplayLine="-1" mapFirstVisibleDocLine="-1" mapLastVisibleDocLine="-1" mapNbLine="-1" mapHigherPos="-1" mapWidth="-1" mapHeight="-1" mapKByteInDoc="686734387" mapWrapIndentMode="-1" mapIsWrap="no" />
            <File firstVisibleLine="0" xOffset="0" scrollWidth="2980" startPos="1129" endPos="1129" selMode="0" lang="Normal Text" encoding="-1" filename="C:\Users\fouldsjo\code\pluralsight\firstrepo.wiki\References.md" backupFilePath="C:\Users\fouldsjo\Documents\Software\Notepad++\backup\References.md@2019-08-01_112030" originalFileLastModifTimestamp="1564650622" mapFirstVisibleDisplayLine="-1" mapFirstVisibleDocLine="-1" mapLastVisibleDocLine="-1" mapNbLine="-1" mapHigherPos="-1" mapWidth="-1" mapHeight="-1" mapKByteInDoc="1811964160" mapWrapIndentMode="-1" mapIsWrap="no" />
        </mainView>
        <subView activeIndex="0" />
    </Session>
</NotepadPlus>
